{"O": 0, "B-Vehicle": 1, "I-Vehicle": 2, "B-Artifact": 3, "I-Artifact": 4, "B-Destination": 5, "I-Destination": 6, "B-Person": 7, "I-Person": 8, "B-Agent": 9, "I-Agent": 10, "B-Entity": 11, "I-Entity": 12, "B-Place": 13, "I-Place": 14, "B-Target": 15, "I-Target": 16, "B-Attacker": 17, "I-Attacker": 18, "B-Giver": 19, "I-Giver": 20, "B-Recipient": 21, "I-Recipient": 22, "B-Plaintiff": 23, "I-Plaintiff": 24, "B-Victim": 25, "I-Victim": 26, "B-Buyer": 27, "I-Buyer": 28, "B-Seller": 29, "I-Seller": 30, "B-Instrument": 31, "I-Instrument": 32, "B-Origin": 33, "I-Origin": 34, "B-Org": 35, "I-Org": 36, "B-Beneficiary": 37, "I-Beneficiary": 38, "B-Defendant": 39, "I-Defendant": 40, "B-Adjudicator": 41, "I-Adjudicator": 42, "B-Prosecutor": 43, "I-Prosecutor": 44}