{"O": 0, "B-Movement:Transport": 0, "I-Movement:Transport": 1, "B-Personnel:Elect": 2, "I-Personnel:Elect": 3, "B-Personnel:Start-Position": 4, "I-Personnel:Start-Position": 5, "B-Personnel:Nominate": 6, "I-Personnel:Nominate": 7, "B-Conflict:Attack": 8, "I-Conflict:Attack": 9, "B-Personnel:End-Position": 10, "I-Personnel:End-Position": 11, "B-Contact:Meet": 12, "I-Contact:Meet": 13, "B-Life:Marry": 14, "I-Life:Marry": 15, "B-Contact:Phone-Write": 16, "I-Contact:Phone-Write": 17, "B-Transaction:Transfer-Money": 18, "I-Transaction:Transfer-Money": 19, "B-Justice:Sue": 20, "I-Justice:Sue": 21, "B-Conflict:Demonstrate": 22, "I-Conflict:Demonstrate": 23, "B-Business:End-Org": 24, "I-Business:End-Org": 25, "B-Life:Injure": 26, "I-Life:Injure": 27, "B-Life:Die": 28, "I-Life:Die": 29, "B-Justice:Arrest-Jail": 30, "I-Justice:Arrest-Jail": 31, "B-Transaction:Transfer-Ownership": 32, "I-Transaction:Transfer-Ownership": 33, "B-Justice:Execute": 34, "I-Justice:Execute": 35, "B-Justice:Trial-Hearing": 36, "I-Justice:Trial-Hearing": 37, "B-Justice:Sentence": 38, "I-Justice:Sentence": 39, "B-Life:Be-Born": 40, "I-Life:Be-Born": 41, "B-Justice:Charge-Indict": 42, "I-Justice:Charge-Indict": 43, "B-Business:Start-Org": 44, "I-Business:Start-Org": 45, "B-Justice:Convict": 46, "I-Justice:Convict": 47, "B-Business:Declare-Bankruptcy": 48, "I-Business:Declare-Bankruptcy": 49, "B-Justice:Release-Parole": 50, "I-Justice:Release-Parole": 51, "B-Justice:Fine": 52, "I-Justice:Fine": 53, "B-Justice:Pardon": 54, "I-Justice:Pardon": 55, "B-Justice:Appeal": 56, "I-Justice:Appeal": 57, "B-Business:Merge-Org": 58, "I-Business:Merge-Org": 59, "B-Justice:Extradite": 60, "I-Justice:Extradite": 61, "B-Life:Divorce": 62, "I-Life:Divorce": 63, "B-Justice:Acquit": 64, "I-Justice:Acquit": 65}