[{"sentence":"孔正锡，导演，2005年以一部温馨的爱情电影《长腿叔叔》敲开电影界大门","relation":"导演","head":"长腿叔叔","head_offset":23,"tail":"孔正锡","tail_offset":"0"},{"sentence":"《我家有喜2》（又名《开门见喜》）是由丁仰国导演执导，张佳编剧，海陆、高梓淇、万茜、李佳航、关雪盈、陈晓联袂主演的都市轻喜剧","relation":"导演","head":"我家有喜","head_offset":1,"tail":"丁仰国","tail_offset":"19"}]